ID,Equation,"Inputs (A, B, C, D)",Circuit,Min Delay (ns),Max Delay (ns),Combinational Depth,Final Output (Y)
1,"AND(D, AND(C, AND(A, B)))","[1, 1, 1, 1]",AND -> AND -> AND,6,9,3,1
2,"AND(D, AND(C, OR(A, B)))","[1, 1, 0, 1]",AND -> AND -> OR,6,9,3,0
3,"AND(D, AND(C, NOT(A)))","[0, 0, 1, 1]",AND -> AND -> NOT,5,7.5,3,0
4,"AND(D, AND(C, BUFFER(A)))","[1, 0, 0, 1]",AND -> AND -> BUFFER,4.2,6.5,3,0
5,"AND(D, AND(C, NAND(A, B)))","[1, 1, 1, 0]",AND -> AND -> NAND,5.5,8.5,3,1
6,"AND(D, AND(C, NOR(A, B)))","[1, 0, 0, 1]",AND -> AND -> NOR,5.5,8.5,3,0
7,"AND(D, AND(C, XOR(A, B)))","[0, 0, 1, 0]",AND -> AND -> XOR,6.5,9.5,3,0
8,"AND(D, AND(C, XNOR(A, B)))","[1, 1, 1, 1]",AND -> AND -> XNOR,6.5,9.5,3,1
9,"AND(D, OR(C, AND(A, B)))","[1, 1, 1, 0]",AND -> OR -> AND,6,9,3,1
10,"AND(D, OR(C, OR(A, B)))","[0, 0, 1, 1]",AND -> OR -> OR,6,9,3,1
11,"AND(D, OR(C, NOT(A)))","[0, 1, 0, 0]",AND -> OR -> NOT,5,7.5,3,0
12,"AND(D, OR(C, BUFFER(A)))","[0, 0, 0, 0]",AND -> OR -> BUFFER,4.2,6.5,3,0
13,"AND(D, OR(C, NAND(A, B)))","[1, 0, 1, 1]",AND -> OR -> NAND,5.5,8.5,3,0
14,"AND(D, OR(C, NOR(A, B)))","[0, 1, 1, 0]",AND -> OR -> NOR,5.5,8.5,3,1
15,"AND(D, OR(C, XOR(A, B)))","[0, 1, 0, 1]",AND -> OR -> XOR,6.5,9.5,3,0
16,"AND(D, OR(C, XNOR(A, B)))","[1, 1, 1, 0]",AND -> OR -> XNOR,6.5,9.5,3,1
17,"AND(D, NOT(AND(A, B)))","[0, 0, 1, 1]",AND -> NOT -> AND,5,7.5,3,1
18,"AND(D, NOT(OR(A, B)))","[0, 1, 0, 1]",AND -> NOT -> OR,5,7.5,3,0
19,"AND(D, NOT(NOT(A)))","[0, 0, 0, 0]",AND -> NOT -> NOT,4,6,3,0
20,"AND(D, NOT(BUFFER(A)))","[1, 0, 0, 0]",AND -> NOT -> BUFFER,3.2,5,3,0
21,"AND(D, NOT(NAND(A, B)))","[1, 0, 1, 0]",AND -> NOT -> NAND,4.5,7,3,1
22,"AND(D, NOT(NOR(A, B)))","[0, 0, 0, 0]",AND -> NOT -> NOR,4.5,7,3,0
23,"AND(D, NOT(XOR(A, B)))","[0, 0, 0, 1]",AND -> NOT -> XOR,5.5,8,3,0
24,"AND(D, NOT(XNOR(A, B)))","[1, 1, 1, 0]",AND -> NOT -> XNOR,5.5,8,3,0
25,"AND(D, BUFFER(AND(A, B)))","[1, 0, 0, 1]",AND -> BUFFER -> AND,4.2,6.5,3,0
26,"AND(D, BUFFER(OR(A, B)))","[0, 1, 0, 1]",AND -> BUFFER -> OR,4.2,6.5,3,0
27,"AND(D, BUFFER(NOT(A)))","[1, 0, 0, 0]",AND -> BUFFER -> NOT,3.2,5,3,0
28,"AND(D, BUFFER(BUFFER(A)))","[0, 1, 1, 1]",AND -> BUFFER -> BUFFER,2.4,4,3,1
29,"AND(D, BUFFER(NAND(A, B)))","[0, 0, 1, 0]",AND -> BUFFER -> NAND,3.7,6,3,0
30,"AND(D, BUFFER(NOR(A, B)))","[1, 1, 1, 1]",AND -> BUFFER -> NOR,3.7,6,3,1
31,"AND(D, BUFFER(XOR(A, B)))","[1, 0, 0, 0]",AND -> BUFFER -> XOR,4.7,7,3,0
32,"AND(D, BUFFER(XNOR(A, B)))","[0, 1, 0, 0]",AND -> BUFFER -> XNOR,4.7,7,3,0
33,"AND(D, NAND(C, AND(A, B)))","[0, 1, 1, 1]",AND -> NAND -> AND,5.5,8.5,3,1
34,"AND(D, NAND(C, OR(A, B)))","[1, 1, 0, 1]",AND -> NAND -> OR,5.5,8.5,3,0
35,"AND(D, NAND(C, NOT(A)))","[0, 0, 1, 1]",AND -> NAND -> NOT,4.5,7,3,1
36,"AND(D, NAND(C, BUFFER(A)))","[1, 1, 0, 1]",AND -> NAND -> BUFFER,3.7,6,3,0
37,"AND(D, NAND(C, NAND(A, B)))","[1, 0, 1, 0]",AND -> NAND -> NAND,5,8,3,1
38,"AND(D, NAND(C, NOR(A, B)))","[0, 1, 1, 1]",AND -> NAND -> NOR,5,8,3,1
39,"AND(D, NAND(C, XOR(A, B)))","[0, 1, 0, 0]",AND -> NAND -> XOR,6,9,3,0
40,"AND(D, NAND(C, XNOR(A, B)))","[1, 0, 1, 0]",AND -> NAND -> XNOR,6,9,3,1
41,"AND(D, NOR(C, AND(A, B)))","[0, 1, 1, 1]",AND -> NOR -> AND,5.5,8.5,3,0
42,"AND(D, NOR(C, OR(A, B)))","[0, 1, 0, 0]",AND -> NOR -> OR,5.5,8.5,3,0
43,"AND(D, NOR(C, NOT(A)))","[1, 1, 1, 1]",AND -> NOR -> NOT,4.5,7,3,0
44,"AND(D, NOR(C, BUFFER(A)))","[1, 0, 1, 0]",AND -> NOR -> BUFFER,3.7,6,3,0
45,"AND(D, NOR(C, NAND(A, B)))","[0, 0, 0, 1]",AND -> NOR -> NAND,5,8,3,0
46,"AND(D, NOR(C, NOR(A, B)))","[1, 1, 1, 1]",AND -> NOR -> NOR,5,8,3,0
47,"AND(D, NOR(C, XOR(A, B)))","[1, 1, 1, 1]",AND -> NOR -> XOR,6,9,3,0
48,"AND(D, NOR(C, XNOR(A, B)))","[1, 1, 1, 0]",AND -> NOR -> XNOR,6,9,3,0
49,"AND(D, XOR(C, AND(A, B)))","[0, 0, 0, 1]",AND -> XOR -> AND,6.5,9.5,3,0
50,"AND(D, XOR(C, OR(A, B)))","[1, 1, 0, 0]",AND -> XOR -> OR,6.5,9.5,3,0
51,"AND(D, XOR(C, NOT(A)))","[0, 1, 0, 1]",AND -> XOR -> NOT,5.5,8,3,0
52,"AND(D, XOR(C, BUFFER(A)))","[0, 0, 1, 1]",AND -> XOR -> BUFFER,4.7,7,3,0
53,"AND(D, XOR(C, NAND(A, B)))","[1, 0, 0, 0]",AND -> XOR -> NAND,6,9,3,0
54,"AND(D, XOR(C, NOR(A, B)))","[1, 1, 1, 1]",AND -> XOR -> NOR,6,9,3,1
55,"AND(D, XOR(C, XOR(A, B)))","[1, 1, 1, 1]",AND -> XOR -> XOR,7,10,3,1
56,"AND(D, XOR(C, XNOR(A, B)))","[1, 1, 1, 1]",AND -> XOR -> XNOR,7,10,3,0
57,"AND(D, XNOR(C, AND(A, B)))","[1, 0, 1, 1]",AND -> XNOR -> AND,6.5,9.5,3,0
58,"AND(D, XNOR(C, OR(A, B)))","[1, 1, 1, 1]",AND -> XNOR -> OR,6.5,9.5,3,1
59,"AND(D, XNOR(C, NOT(A)))","[1, 1, 1, 0]",AND -> XNOR -> NOT,5.5,8,3,0
60,"AND(D, XNOR(C, BUFFER(A)))","[0, 1, 0, 1]",AND -> XNOR -> BUFFER,4.7,7,3,0
61,"AND(D, XNOR(C, NAND(A, B)))","[1, 1, 0, 0]",AND -> XNOR -> NAND,6,9,3,0
62,"AND(D, XNOR(C, NOR(A, B)))","[0, 0, 0, 1]",AND -> XNOR -> NOR,6,9,3,0
63,"AND(D, XNOR(C, XOR(A, B)))","[1, 1, 0, 0]",AND -> XNOR -> XOR,7,10,3,0
64,"AND(D, XNOR(C, XNOR(A, B)))","[1, 0, 0, 1]",AND -> XNOR -> XNOR,7,10,3,0
65,"OR(D, AND(C, AND(A, B)))","[0, 0, 1, 1]",OR -> AND -> AND,6,9,3,1
66,"OR(D, AND(C, OR(A, B)))","[1, 1, 0, 0]",OR -> AND -> OR,6,9,3,1
67,"OR(D, AND(C, NOT(A)))","[0, 1, 0, 0]",OR -> AND -> NOT,5,7.5,3,1
68,"OR(D, AND(C, BUFFER(A)))","[0, 1, 1, 1]",OR -> AND -> BUFFER,4.2,6.5,3,1
69,"OR(D, AND(C, NAND(A, B)))","[1, 1, 0, 1]",OR -> AND -> NAND,5.5,8.5,3,0
70,"OR(D, AND(C, NOR(A, B)))","[0, 1, 0, 1]",OR -> AND -> NOR,5.5,8.5,3,0
71,"OR(D, AND(C, XOR(A, B)))","[1, 0, 0, 0]",OR -> AND -> XOR,6.5,9.5,3,0
72,"OR(D, AND(C, XNOR(A, B)))","[1, 1, 0, 1]",OR -> AND -> XNOR,6.5,9.5,3,1
73,"OR(D, OR(C, AND(A, B)))","[0, 0, 0, 1]",OR -> OR -> AND,6,9,3,0
74,"OR(D, OR(C, OR(A, B)))","[0, 0, 0, 0]",OR -> OR -> OR,6,9,3,0
75,"OR(D, OR(C, NOT(A)))","[0, 1, 1, 1]",OR -> OR -> NOT,5,7.5,3,1
76,"OR(D, OR(C, BUFFER(A)))","[0, 0, 0, 1]",OR -> OR -> BUFFER,4.2,6.5,3,0
77,"OR(D, OR(C, NAND(A, B)))","[0, 0, 1, 1]",OR -> OR -> NAND,5.5,8.5,3,1
78,"OR(D, OR(C, NOR(A, B)))","[0, 0, 1, 0]",OR -> OR -> NOR,5.5,8.5,3,1
79,"OR(D, OR(C, XOR(A, B)))","[0, 0, 1, 0]",OR -> OR -> XOR,6.5,9.5,3,1
80,"OR(D, OR(C, XNOR(A, B)))","[0, 0, 0, 1]",OR -> OR -> XNOR,6.5,9.5,3,0
81,"OR(D, NOT(AND(A, B)))","[1, 0, 0, 0]",OR -> NOT -> AND,5,7.5,3,1
82,"OR(D, NOT(OR(A, B)))","[1, 0, 1, 1]",OR -> NOT -> OR,5,7.5,3,1
83,"OR(D, NOT(NOT(A)))","[0, 0, 0, 0]",OR -> NOT -> NOT,4,6,3,1
84,"OR(D, NOT(BUFFER(A)))","[0, 1, 0, 0]",OR -> NOT -> BUFFER,3.2,5,3,0
85,"OR(D, NOT(NAND(A, B)))","[1, 0, 0, 1]",OR -> NOT -> NAND,4.5,7,3,1
86,"OR(D, NOT(NOR(A, B)))","[1, 0, 1, 1]",OR -> NOT -> NOR,4.5,7,3,1
87,"OR(D, NOT(XOR(A, B)))","[1, 1, 1, 1]",OR -> NOT -> XOR,5.5,8,3,1
88,"OR(D, NOT(XNOR(A, B)))","[1, 0, 0, 1]",OR -> NOT -> XNOR,5.5,8,3,1
89,"OR(D, BUFFER(AND(A, B)))","[1, 1, 0, 1]",OR -> BUFFER -> AND,4.2,6.5,3,1
90,"OR(D, BUFFER(OR(A, B)))","[1, 0, 1, 0]",OR -> BUFFER -> OR,4.2,6.5,3,1
91,"OR(D, BUFFER(NOT(A)))","[1, 1, 1, 1]",OR -> BUFFER -> NOT,3.2,5,3,1
92,"OR(D, BUFFER(BUFFER(A)))","[1, 0, 0, 0]",OR -> BUFFER -> BUFFER,2.4,4,3,0
93,"OR(D, BUFFER(NAND(A, B)))","[0, 1, 0, 1]",OR -> BUFFER -> NAND,3.7,6,3,1
94,"OR(D, BUFFER(NOR(A, B)))","[1, 1, 0, 1]",OR -> BUFFER -> NOR,3.7,6,3,1
95,"OR(D, BUFFER(XOR(A, B)))","[0, 0, 1, 0]",OR -> BUFFER -> XOR,4.7,7,3,1
96,"OR(D, BUFFER(XNOR(A, B)))","[0, 1, 0, 1]",OR -> BUFFER -> XNOR,4.7,7,3,1
97,"OR(D, NAND(C, AND(A, B)))","[0, 1, 1, 0]",OR -> NAND -> AND,5.5,8.5,3,1
98,"OR(D, NAND(C, OR(A, B)))","[0, 0, 1, 0]",OR -> NAND -> OR,5.5,8.5,3,1
99,"OR(D, NAND(C, NOT(A)))","[1, 0, 1, 1]",OR -> NAND -> NOT,4.5,7,3,1
100,"OR(D, NAND(C, BUFFER(A)))","[0, 0, 1, 1]",OR -> NAND -> BUFFER,3.7,6,3,1
101,"OR(D, NAND(C, NAND(A, B)))","[1, 0, 0, 1]",OR -> NAND -> NAND,5,8,3,1
102,"OR(D, NAND(C, NOR(A, B)))","[1, 1, 0, 1]",OR -> NAND -> NOR,5,8,3,1
103,"OR(D, NAND(C, XOR(A, B)))","[1, 1, 0, 1]",OR -> NAND -> XOR,6,9,3,1
104,"OR(D, NAND(C, XNOR(A, B)))","[0, 0, 1, 1]",OR -> NAND -> XNOR,6,9,3,1
105,"OR(D, NOR(C, AND(A, B)))","[1, 0, 1, 1]",OR -> NOR -> AND,5.5,8.5,3,1
106,"OR(D, NOR(C, OR(A, B)))","[0, 0, 1, 0]",OR -> NOR -> OR,5.5,8.5,3,1
107,"OR(D, NOR(C, NOT(A)))","[0, 0, 0, 1]",OR -> NOR -> NOT,4.5,7,3,0
108,"OR(D, NOR(C, BUFFER(A)))","[1, 1, 0, 0]",OR -> NOR -> BUFFER,3.7,6,3,0
109,"OR(D, NOR(C, NAND(A, B)))","[1, 1, 1, 1]",OR -> NOR -> NAND,5,8,3,1
110,"OR(D, NOR(C, NOR(A, B)))","[0, 1, 1, 0]",OR -> NOR -> NOR,5,8,3,1
111,"OR(D, NOR(C, XOR(A, B)))","[1, 1, 0, 1]",OR -> NOR -> XOR,6,9,3,0
112,"OR(D, NOR(C, XNOR(A, B)))","[1, 1, 1, 1]",OR -> NOR -> XNOR,6,9,3,1
113,"OR(D, XOR(C, AND(A, B)))","[1, 1, 1, 1]",OR -> XOR -> AND,6.5,9.5,3,1
114,"OR(D, XOR(C, OR(A, B)))","[1, 0, 1, 0]",OR -> XOR -> OR,6.5,9.5,3,1
115,"OR(D, XOR(C, NOT(A)))","[0, 1, 0, 1]",OR -> XOR -> NOT,5.5,8,3,0
116,"OR(D, XOR(C, BUFFER(A)))","[1, 0, 1, 0]",OR -> XOR -> BUFFER,4.7,7,3,1
117,"OR(D, XOR(C, NAND(A, B)))","[1, 1, 1, 1]",OR -> XOR -> NAND,6,9,3,1
118,"OR(D, XOR(C, NOR(A, B)))","[1, 1, 0, 1]",OR -> XOR -> NOR,6,9,3,1
119,"OR(D, XOR(C, XOR(A, B)))","[0, 1, 0, 1]",OR -> XOR -> XOR,7,10,3,0
120,"OR(D, XOR(C, XNOR(A, B)))","[1, 0, 1, 1]",OR -> XOR -> XNOR,7,10,3,1
121,"OR(D, XNOR(C, AND(A, B)))","[1, 1, 0, 0]",OR -> XNOR -> AND,6.5,9.5,3,0
122,"OR(D, XNOR(C, OR(A, B)))","[0, 1, 0, 1]",OR -> XNOR -> OR,6.5,9.5,3,1
123,"OR(D, XNOR(C, NOT(A)))","[0, 0, 1, 0]",OR -> XNOR -> NOT,5.5,8,3,1
124,"OR(D, XNOR(C, BUFFER(A)))","[0, 1, 1, 1]",OR -> XNOR -> BUFFER,4.7,7,3,1
125,"OR(D, XNOR(C, NAND(A, B)))","[0, 0, 0, 1]",OR -> XNOR -> NAND,6,9,3,0
126,"OR(D, XNOR(C, NOR(A, B)))","[1, 1, 1, 1]",OR -> XNOR -> NOR,6,9,3,1
127,"OR(D, XNOR(C, XOR(A, B)))","[1, 0, 0, 1]",OR -> XNOR -> XOR,7,10,3,1
128,"OR(D, XNOR(C, XNOR(A, B)))","[1, 1, 1, 0]",OR -> XNOR -> XNOR,7,10,3,1
129,"NOT(AND(C, AND(A, B)))","[0, 0, 1, 1]",NOT -> AND -> AND,5,7.5,3,1
130,"NOT(AND(C, OR(A, B)))","[1, 1, 0, 1]",NOT -> AND -> OR,5,7.5,3,0
131,"NOT(AND(C, NOT(A)))","[1, 1, 0, 1]",NOT -> AND -> NOT,4,6,3,1
132,"NOT(AND(C, BUFFER(A)))","[1, 1, 0, 0]",NOT -> AND -> BUFFER,3.2,5,3,0
133,"NOT(AND(C, NAND(A, B)))","[0, 1, 0, 0]",NOT -> AND -> NAND,4.5,7,3,0
134,"NOT(AND(C, NOR(A, B)))","[0, 1, 1, 0]",NOT -> AND -> NOR,4.5,7,3,0
135,"NOT(AND(C, XOR(A, B)))","[1, 1, 0, 0]",NOT -> AND -> XOR,5.5,8,3,0
136,"NOT(AND(C, XNOR(A, B)))","[1, 1, 0, 0]",NOT -> AND -> XNOR,5.5,8,3,1
137,"NOT(OR(C, AND(A, B)))","[0, 0, 0, 0]",NOT -> OR -> AND,5,7.5,3,1
138,"NOT(OR(C, OR(A, B)))","[1, 0, 1, 0]",NOT -> OR -> OR,5,7.5,3,0
139,"NOT(OR(C, NOT(A)))","[0, 0, 0, 1]",NOT -> OR -> NOT,4,6,3,0
140,"NOT(OR(C, BUFFER(A)))","[0, 0, 1, 0]",NOT -> OR -> BUFFER,3.2,5,3,1
141,"NOT(OR(C, NAND(A, B)))","[0, 1, 0, 0]",NOT -> OR -> NAND,4.5,7,3,0
142,"NOT(OR(C, NOR(A, B)))","[0, 0, 1, 1]",NOT -> OR -> NOR,4.5,7,3,1
143,"NOT(OR(C, XOR(A, B)))","[1, 0, 1, 0]",NOT -> OR -> XOR,5.5,8,3,0
144,"NOT(OR(C, XNOR(A, B)))","[1, 0, 0, 0]",NOT -> OR -> XNOR,5.5,8,3,1
145,"NOT(NOT(AND(A, B)))","[0, 1, 1, 0]",NOT -> NOT -> AND,4,6,3,1
146,"NOT(NOT(OR(A, B)))","[0, 1, 0, 0]",NOT -> NOT -> OR,4,6,3,1
147,NOT(NOT(NOT(A))),"[0, 0, 0, 0]",NOT -> NOT -> NOT,3,4.5,3,0
148,NOT(NOT(BUFFER(A))),"[0, 1, 1, 0]",NOT -> NOT -> BUFFER,2.2,3.5,3,1
149,"NOT(NOT(NAND(A, B)))","[0, 1, 1, 1]",NOT -> NOT -> NAND,3.5,5.5,3,1
150,"NOT(NOT(NOR(A, B)))","[1, 0, 0, 0]",NOT -> NOT -> NOR,3.5,5.5,3,0
151,"NOT(NOT(XOR(A, B)))","[0, 1, 1, 0]",NOT -> NOT -> XOR,4.5,6.5,3,1
152,"NOT(NOT(XNOR(A, B)))","[1, 1, 0, 0]",NOT -> NOT -> XNOR,4.5,6.5,3,1
153,"NOT(BUFFER(AND(A, B)))","[1, 0, 0, 0]",NOT -> BUFFER -> AND,3.2,5,3,1
154,"NOT(BUFFER(OR(A, B)))","[1, 1, 0, 0]",NOT -> BUFFER -> OR,3.2,5,3,0
155,NOT(BUFFER(NOT(A))),"[1, 1, 1, 0]",NOT -> BUFFER -> NOT,2.2,3.5,3,0
156,NOT(BUFFER(BUFFER(A))),"[0, 1, 0, 1]",NOT -> BUFFER -> BUFFER,1.4,2.5,3,0
157,"NOT(BUFFER(NAND(A, B)))","[1, 1, 1, 1]",NOT -> BUFFER -> NAND,2.7,4.5,3,0
158,"NOT(BUFFER(NOR(A, B)))","[0, 1, 0, 1]",NOT -> BUFFER -> NOR,2.7,4.5,3,0
159,"NOT(BUFFER(XOR(A, B)))","[1, 0, 1, 0]",NOT -> BUFFER -> XOR,3.7,5.5,3,1
160,"NOT(BUFFER(XNOR(A, B)))","[1, 0, 1, 0]",NOT -> BUFFER -> XNOR,3.7,5.5,3,1
161,"NOT(NAND(C, AND(A, B)))","[1, 1, 1, 0]",NOT -> NAND -> AND,4.5,7,3,0
162,"NOT(NAND(C, OR(A, B)))","[0, 1, 1, 1]",NOT -> NAND -> OR,4.5,7,3,1
163,"NOT(NAND(C, NOT(A)))","[0, 1, 1, 1]",NOT -> NAND -> NOT,3.5,5.5,3,1
164,"NOT(NAND(C, BUFFER(A)))","[1, 1, 1, 1]",NOT -> NAND -> BUFFER,2.7,4.5,3,1
165,"NOT(NAND(C, NAND(A, B)))","[1, 0, 0, 0]",NOT -> NAND -> NAND,4,6.5,3,0
166,"NOT(NAND(C, NOR(A, B)))","[0, 1, 0, 1]",NOT -> NAND -> NOR,4,6.5,3,0
167,"NOT(NAND(C, XOR(A, B)))","[0, 1, 1, 1]",NOT -> NAND -> XOR,5,7.5,3,1
168,"NOT(NAND(C, XNOR(A, B)))","[0, 0, 1, 1]",NOT -> NAND -> XNOR,5,7.5,3,0
169,"NOT(NOR(C, AND(A, B)))","[1, 1, 0, 1]",NOT -> NOR -> AND,4.5,7,3,1
170,"NOT(NOR(C, OR(A, B)))","[0, 0, 0, 1]",NOT -> NOR -> OR,4.5,7,3,1
171,"NOT(NOR(C, NOT(A)))","[0, 1, 0, 0]",NOT -> NOR -> NOT,3.5,5.5,3,1
172,"NOT(NOR(C, BUFFER(A)))","[1, 1, 1, 1]",NOT -> NOR -> BUFFER,2.7,4.5,3,1
173,"NOT(NOR(C, NAND(A, B)))","[0, 0, 0, 0]",NOT -> NOR -> NAND,4,6.5,3,1
174,"NOT(NOR(C, NOR(A, B)))","[1, 0, 1, 1]",NOT -> NOR -> NOR,4,6.5,3,0
175,"NOT(NOR(C, XOR(A, B)))","[0, 1, 1, 0]",NOT -> NOR -> XOR,5,7.5,3,1
176,"NOT(NOR(C, XNOR(A, B)))","[0, 1, 1, 0]",NOT -> NOR -> XNOR,5,7.5,3,1
177,"NOT(XOR(C, AND(A, B)))","[1, 0, 1, 0]",NOT -> XOR -> AND,5.5,8,3,1
178,"NOT(XOR(C, OR(A, B)))","[0, 0, 1, 0]",NOT -> XOR -> OR,5.5,8,3,1
179,"NOT(XOR(C, NOT(A)))","[0, 0, 0, 0]",NOT -> XOR -> NOT,4.5,6.5,3,0
180,"NOT(XOR(C, BUFFER(A)))","[1, 0, 0, 0]",NOT -> XOR -> BUFFER,3.7,5.5,3,0
181,"NOT(XOR(C, NAND(A, B)))","[1, 0, 1, 0]",NOT -> XOR -> NAND,5,7.5,3,0
182,"NOT(XOR(C, NOR(A, B)))","[0, 0, 1, 0]",NOT -> XOR -> NOR,5,7.5,3,0
183,"NOT(XOR(C, XOR(A, B)))","[1, 1, 0, 0]",NOT -> XOR -> XOR,6,8.5,3,1
184,"NOT(XOR(C, XNOR(A, B)))","[0, 1, 1, 0]",NOT -> XOR -> XNOR,6,8.5,3,1
185,"NOT(XNOR(C, AND(A, B)))","[0, 0, 0, 0]",NOT -> XNOR -> AND,5.5,8,3,0
186,"NOT(XNOR(C, OR(A, B)))","[0, 1, 1, 0]",NOT -> XNOR -> OR,5.5,8,3,1
187,"NOT(XNOR(C, NOT(A)))","[1, 1, 1, 1]",NOT -> XNOR -> NOT,4.5,6.5,3,1
188,"NOT(XNOR(C, BUFFER(A)))","[1, 1, 1, 0]",NOT -> XNOR -> BUFFER,3.7,5.5,3,0
189,"NOT(XNOR(C, NAND(A, B)))","[1, 1, 0, 0]",NOT -> XNOR -> NAND,5,7.5,3,0
190,"NOT(XNOR(C, NOR(A, B)))","[0, 0, 0, 0]",NOT -> XNOR -> NOR,5,7.5,3,1
191,"NOT(XNOR(C, XOR(A, B)))","[0, 1, 1, 1]",NOT -> XNOR -> XOR,6,8.5,3,0
192,"NOT(XNOR(C, XNOR(A, B)))","[1, 0, 0, 1]",NOT -> XNOR -> XNOR,6,8.5,3,1
193,"BUFFER(AND(C, AND(A, B)))","[0, 1, 1, 0]",BUFFER -> AND -> AND,4.2,6.5,3,0
194,"BUFFER(AND(C, OR(A, B)))","[0, 1, 0, 1]",BUFFER -> AND -> OR,4.2,6.5,3,1
195,"BUFFER(AND(C, NOT(A)))","[0, 0, 0, 1]",BUFFER -> AND -> NOT,3.2,5,3,0
196,"BUFFER(AND(C, BUFFER(A)))","[0, 0, 0, 1]",BUFFER -> AND -> BUFFER,2.4,4,3,0
197,"BUFFER(AND(C, NAND(A, B)))","[1, 0, 1, 0]",BUFFER -> AND -> NAND,3.7,6,3,0
198,"BUFFER(AND(C, NOR(A, B)))","[0, 1, 0, 1]",BUFFER -> AND -> NOR,3.7,6,3,0
199,"BUFFER(AND(C, XOR(A, B)))","[0, 0, 1, 1]",BUFFER -> AND -> XOR,4.7,7,3,0
200,"BUFFER(AND(C, XNOR(A, B)))","[0, 1, 1, 0]",BUFFER -> AND -> XNOR,4.7,7,3,1
201,"BUFFER(OR(C, AND(A, B)))","[0, 0, 0, 0]",BUFFER -> OR -> AND,4.2,6.5,3,0
202,"BUFFER(OR(C, OR(A, B)))","[0, 0, 1, 1]",BUFFER -> OR -> OR,4.2,6.5,3,1
203,"BUFFER(OR(C, NOT(A)))","[1, 1, 0, 1]",BUFFER -> OR -> NOT,3.2,5,3,1
204,"BUFFER(OR(C, BUFFER(A)))","[0, 0, 0, 1]",BUFFER -> OR -> BUFFER,2.4,4,3,0
205,"BUFFER(OR(C, NAND(A, B)))","[0, 1, 1, 1]",BUFFER -> OR -> NAND,3.7,6,3,1
206,"BUFFER(OR(C, NOR(A, B)))","[0, 0, 1, 1]",BUFFER -> OR -> NOR,3.7,6,3,0
207,"BUFFER(OR(C, XOR(A, B)))","[0, 1, 1, 1]",BUFFER -> OR -> XOR,4.7,7,3,1
208,"BUFFER(OR(C, XNOR(A, B)))","[0, 0, 0, 1]",BUFFER -> OR -> XNOR,4.7,7,3,0
209,"BUFFER(NOT(AND(A, B)))","[0, 0, 1, 1]",BUFFER -> NOT -> AND,3.2,5,3,1
210,"BUFFER(NOT(OR(A, B)))","[0, 0, 0, 0]",BUFFER -> NOT -> OR,3.2,5,3,1
211,BUFFER(NOT(NOT(A))),"[1, 0, 1, 1]",BUFFER -> NOT -> NOT,2.2,3.5,3,1
212,BUFFER(NOT(BUFFER(A))),"[0, 1, 0, 0]",BUFFER -> NOT -> BUFFER,1.4,2.5,3,0
213,"BUFFER(NOT(NAND(A, B)))","[1, 1, 0, 0]",BUFFER -> NOT -> NAND,2.7,4.5,3,0
214,"BUFFER(NOT(NOR(A, B)))","[0, 0, 0, 0]",BUFFER -> NOT -> NOR,2.7,4.5,3,1
215,"BUFFER(NOT(XOR(A, B)))","[1, 1, 0, 1]",BUFFER -> NOT -> XOR,3.7,5.5,3,0
216,"BUFFER(NOT(XNOR(A, B)))","[0, 1, 0, 1]",BUFFER -> NOT -> XNOR,3.7,5.5,3,0
217,"BUFFER(BUFFER(AND(A, B)))","[1, 1, 0, 1]",BUFFER -> BUFFER -> AND,2.4,4,3,1
218,"BUFFER(BUFFER(OR(A, B)))","[0, 1, 0, 1]",BUFFER -> BUFFER -> OR,2.4,4,3,1
219,BUFFER(BUFFER(NOT(A))),"[0, 0, 0, 1]",BUFFER -> BUFFER -> NOT,1.4,2.5,3,0
220,BUFFER(BUFFER(BUFFER(A))),"[0, 0, 0, 1]",BUFFER -> BUFFER -> BUFFER,0.6,1.5,3,0
221,"BUFFER(BUFFER(NAND(A, B)))","[0, 1, 0, 0]",BUFFER -> BUFFER -> NAND,1.9,3.5,3,1
222,"BUFFER(BUFFER(NOR(A, B)))","[1, 0, 0, 1]",BUFFER -> BUFFER -> NOR,1.9,3.5,3,0
223,"BUFFER(BUFFER(XOR(A, B)))","[1, 0, 1, 0]",BUFFER -> BUFFER -> XOR,2.9,4.5,3,0
224,"BUFFER(BUFFER(XNOR(A, B)))","[1, 1, 1, 1]",BUFFER -> BUFFER -> XNOR,2.9,4.5,3,1
225,"BUFFER(NAND(C, AND(A, B)))","[0, 1, 1, 0]",BUFFER -> NAND -> AND,3.7,6,3,1
226,"BUFFER(NAND(C, OR(A, B)))","[0, 1, 1, 1]",BUFFER -> NAND -> OR,3.7,6,3,0
227,"BUFFER(NAND(C, NOT(A)))","[0, 1, 1, 1]",BUFFER -> NAND -> NOT,2.7,4.5,3,0
228,"BUFFER(NAND(C, BUFFER(A)))","[0, 0, 1, 0]",BUFFER -> NAND -> BUFFER,1.9,3.5,3,1
229,"BUFFER(NAND(C, NAND(A, B)))","[0, 1, 1, 1]",BUFFER -> NAND -> NAND,3.2,5.5,3,0
230,"BUFFER(NAND(C, NOR(A, B)))","[1, 0, 1, 1]",BUFFER -> NAND -> NOR,3.2,5.5,3,1
231,"BUFFER(NAND(C, XOR(A, B)))","[1, 1, 0, 1]",BUFFER -> NAND -> XOR,4.2,6.5,3,1
232,"BUFFER(NAND(C, XNOR(A, B)))","[0, 0, 0, 1]",BUFFER -> NAND -> XNOR,4.2,6.5,3,1
233,"BUFFER(NOR(C, AND(A, B)))","[0, 1, 0, 1]",BUFFER -> NOR -> AND,3.7,6,3,0
234,"BUFFER(NOR(C, OR(A, B)))","[0, 1, 0, 0]",BUFFER -> NOR -> OR,3.7,6,3,0
235,"BUFFER(NOR(C, NOT(A)))","[0, 1, 0, 0]",BUFFER -> NOR -> NOT,2.7,4.5,3,0
236,"BUFFER(NOR(C, BUFFER(A)))","[1, 0, 0, 1]",BUFFER -> NOR -> BUFFER,1.9,3.5,3,0
237,"BUFFER(NOR(C, NAND(A, B)))","[1, 1, 1, 0]",BUFFER -> NOR -> NAND,3.2,5.5,3,0
238,"BUFFER(NOR(C, NOR(A, B)))","[0, 1, 1, 0]",BUFFER -> NOR -> NOR,3.2,5.5,3,0
239,"BUFFER(NOR(C, XOR(A, B)))","[0, 0, 0, 1]",BUFFER -> NOR -> XOR,4.2,6.5,3,0
240,"BUFFER(NOR(C, XNOR(A, B)))","[1, 0, 0, 1]",BUFFER -> NOR -> XNOR,4.2,6.5,3,0
241,"BUFFER(XOR(C, AND(A, B)))","[0, 0, 1, 1]",BUFFER -> XOR -> AND,4.7,7,3,0
242,"BUFFER(XOR(C, OR(A, B)))","[1, 1, 0, 1]",BUFFER -> XOR -> OR,4.7,7,3,0
243,"BUFFER(XOR(C, NOT(A)))","[0, 0, 0, 0]",BUFFER -> XOR -> NOT,3.7,5.5,3,1
244,"BUFFER(XOR(C, BUFFER(A)))","[1, 1, 0, 0]",BUFFER -> XOR -> BUFFER,2.9,4.5,3,0
245,"BUFFER(XOR(C, NAND(A, B)))","[0, 0, 0, 0]",BUFFER -> XOR -> NAND,4.2,6.5,3,1
246,"BUFFER(XOR(C, NOR(A, B)))","[1, 1, 0, 1]",BUFFER -> XOR -> NOR,4.2,6.5,3,1
247,"BUFFER(XOR(C, XOR(A, B)))","[1, 0, 1, 1]",BUFFER -> XOR -> XOR,5.2,7.5,3,0
248,"BUFFER(XOR(C, XNOR(A, B)))","[1, 1, 1, 1]",BUFFER -> XOR -> XNOR,5.2,7.5,3,0
249,"BUFFER(XNOR(C, AND(A, B)))","[0, 0, 1, 0]",BUFFER -> XNOR -> AND,4.7,7,3,1
250,"BUFFER(XNOR(C, OR(A, B)))","[0, 0, 1, 1]",BUFFER -> XNOR -> OR,4.7,7,3,0
251,"BUFFER(XNOR(C, NOT(A)))","[0, 0, 1, 0]",BUFFER -> XNOR -> NOT,3.7,5.5,3,0
252,"BUFFER(XNOR(C, BUFFER(A)))","[0, 1, 0, 1]",BUFFER -> XNOR -> BUFFER,2.9,4.5,3,0
253,"BUFFER(XNOR(C, NAND(A, B)))","[1, 0, 0, 1]",BUFFER -> XNOR -> NAND,4.2,6.5,3,1
254,"BUFFER(XNOR(C, NOR(A, B)))","[1, 0, 0, 1]",BUFFER -> XNOR -> NOR,4.2,6.5,3,1
255,"BUFFER(XNOR(C, XOR(A, B)))","[1, 1, 0, 1]",BUFFER -> XNOR -> XOR,5.2,7.5,3,0
256,"BUFFER(XNOR(C, XNOR(A, B)))","[1, 1, 1, 1]",BUFFER -> XNOR -> XNOR,5.2,7.5,3,1
257,"NAND(D, AND(C, AND(A, B)))","[1, 1, 1, 0]",NAND -> AND -> AND,5.5,8.5,3,1
258,"NAND(D, AND(C, OR(A, B)))","[0, 1, 0, 1]",NAND -> AND -> OR,5.5,8.5,3,1
259,"NAND(D, AND(C, NOT(A)))","[1, 1, 0, 1]",NAND -> AND -> NOT,4.5,7,3,1
260,"NAND(D, AND(C, BUFFER(A)))","[0, 1, 1, 0]",NAND -> AND -> BUFFER,3.7,6,3,1
261,"NAND(D, AND(C, NAND(A, B)))","[0, 0, 0, 1]",NAND -> AND -> NAND,5,8,3,1
262,"NAND(D, AND(C, NOR(A, B)))","[1, 0, 1, 0]",NAND -> AND -> NOR,5,8,3,1
263,"NAND(D, AND(C, XOR(A, B)))","[0, 0, 1, 0]",NAND -> AND -> XOR,6,9,3,1
264,"NAND(D, AND(C, XNOR(A, B)))","[0, 0, 0, 0]",NAND -> AND -> XNOR,6,9,3,1
265,"NAND(D, OR(C, AND(A, B)))","[1, 1, 0, 1]",NAND -> OR -> AND,5.5,8.5,3,1
266,"NAND(D, OR(C, OR(A, B)))","[0, 1, 0, 1]",NAND -> OR -> OR,5.5,8.5,3,1
267,"NAND(D, OR(C, NOT(A)))","[0, 0, 1, 0]",NAND -> OR -> NOT,4.5,7,3,0
268,"NAND(D, OR(C, BUFFER(A)))","[1, 0, 1, 0]",NAND -> OR -> BUFFER,3.7,6,3,0
269,"NAND(D, OR(C, NAND(A, B)))","[0, 0, 1, 0]",NAND -> OR -> NAND,5,8,3,0
270,"NAND(D, OR(C, NOR(A, B)))","[1, 0, 0, 1]",NAND -> OR -> NOR,5,8,3,1
271,"NAND(D, OR(C, XOR(A, B)))","[1, 1, 1, 1]",NAND -> OR -> XOR,6,9,3,0
272,"NAND(D, OR(C, XNOR(A, B)))","[0, 1, 1, 1]",NAND -> OR -> XNOR,6,9,3,0
273,"NAND(D, NOT(AND(A, B)))","[0, 0, 0, 1]",NAND -> NOT -> AND,4.5,7,3,1
274,"NAND(D, NOT(OR(A, B)))","[0, 1, 1, 1]",NAND -> NOT -> OR,4.5,7,3,1
275,"NAND(D, NOT(NOT(A)))","[0, 1, 1, 0]",NAND -> NOT -> NOT,3.5,5.5,3,1
276,"NAND(D, NOT(BUFFER(A)))","[1, 0, 1, 1]",NAND -> NOT -> BUFFER,2.7,4.5,3,0
277,"NAND(D, NOT(NAND(A, B)))","[0, 0, 0, 0]",NAND -> NOT -> NAND,4,6.5,3,1
278,"NAND(D, NOT(NOR(A, B)))","[0, 0, 1, 1]",NAND -> NOT -> NOR,4,6.5,3,0
279,"NAND(D, NOT(XOR(A, B)))","[1, 1, 1, 1]",NAND -> NOT -> XOR,5,7.5,3,1
280,"NAND(D, NOT(XNOR(A, B)))","[1, 1, 0, 0]",NAND -> NOT -> XNOR,5,7.5,3,1
281,"NAND(D, BUFFER(AND(A, B)))","[0, 0, 0, 0]",NAND -> BUFFER -> AND,3.7,6,3,1
282,"NAND(D, BUFFER(OR(A, B)))","[1, 1, 1, 0]",NAND -> BUFFER -> OR,3.7,6,3,0
283,"NAND(D, BUFFER(NOT(A)))","[0, 1, 0, 1]",NAND -> BUFFER -> NOT,2.7,4.5,3,1
284,"NAND(D, BUFFER(BUFFER(A)))","[0, 1, 1, 1]",NAND -> BUFFER -> BUFFER,1.9,3.5,3,0
285,"NAND(D, BUFFER(NAND(A, B)))","[1, 0, 1, 0]",NAND -> BUFFER -> NAND,3.2,5.5,3,1
286,"NAND(D, BUFFER(NOR(A, B)))","[0, 0, 1, 0]",NAND -> BUFFER -> NOR,3.2,5.5,3,1
287,"NAND(D, BUFFER(XOR(A, B)))","[0, 1, 1, 0]",NAND -> BUFFER -> XOR,4.2,6.5,3,0
288,"NAND(D, BUFFER(XNOR(A, B)))","[1, 1, 0, 0]",NAND -> BUFFER -> XNOR,4.2,6.5,3,1
289,"NAND(D, NAND(C, AND(A, B)))","[1, 1, 1, 1]",NAND -> NAND -> AND,5,8,3,1
290,"NAND(D, NAND(C, OR(A, B)))","[0, 1, 0, 1]",NAND -> NAND -> OR,5,8,3,1
291,"NAND(D, NAND(C, NOT(A)))","[0, 1, 0, 0]",NAND -> NAND -> NOT,4,6.5,3,1
292,"NAND(D, NAND(C, BUFFER(A)))","[0, 0, 1, 1]",NAND -> NAND -> BUFFER,3.2,5.5,3,0
293,"NAND(D, NAND(C, NAND(A, B)))","[0, 0, 0, 0]",NAND -> NAND -> NAND,4.5,7.5,3,1
294,"NAND(D, NAND(C, NOR(A, B)))","[0, 0, 0, 1]",NAND -> NAND -> NOR,4.5,7.5,3,1
295,"NAND(D, NAND(C, XOR(A, B)))","[1, 0, 0, 1]",NAND -> NAND -> XOR,5.5,8.5,3,1
296,"NAND(D, NAND(C, XNOR(A, B)))","[1, 1, 0, 0]",NAND -> NAND -> XNOR,5.5,8.5,3,1
297,"NAND(D, NOR(C, AND(A, B)))","[0, 1, 1, 1]",NAND -> NOR -> AND,5,8,3,1
298,"NAND(D, NOR(C, OR(A, B)))","[1, 0, 0, 1]",NAND -> NOR -> OR,5,8,3,1
299,"NAND(D, NOR(C, NOT(A)))","[1, 1, 0, 0]",NAND -> NOR -> NOT,4,6.5,3,1
300,"NAND(D, NOR(C, BUFFER(A)))","[0, 1, 1, 1]",NAND -> NOR -> BUFFER,3.2,5.5,3,1
301,"NAND(D, NOR(C, NAND(A, B)))","[0, 0, 0, 0]",NAND -> NOR -> NAND,4.5,7.5,3,1
302,"NAND(D, NOR(C, NOR(A, B)))","[0, 1, 0, 0]",NAND -> NOR -> NOR,4.5,7.5,3,1
303,"NAND(D, NOR(C, XOR(A, B)))","[0, 0, 1, 1]",NAND -> NOR -> XOR,5.5,8.5,3,1
304,"NAND(D, NOR(C, XNOR(A, B)))","[1, 0, 1, 1]",NAND -> NOR -> XNOR,5.5,8.5,3,1
305,"NAND(D, XOR(C, AND(A, B)))","[1, 1, 0, 0]",NAND -> XOR -> AND,6,9,3,1
306,"NAND(D, XOR(C, OR(A, B)))","[0, 0, 1, 0]",NAND -> XOR -> OR,6,9,3,1
307,"NAND(D, XOR(C, NOT(A)))","[0, 0, 1, 1]",NAND -> XOR -> NOT,5,7.5,3,0
308,"NAND(D, XOR(C, BUFFER(A)))","[1, 0, 0, 0]",NAND -> XOR -> BUFFER,4.2,6.5,3,1
309,"NAND(D, XOR(C, NAND(A, B)))","[1, 1, 1, 0]",NAND -> XOR -> NAND,5.5,8.5,3,1
310,"NAND(D, XOR(C, NOR(A, B)))","[0, 0, 0, 0]",NAND -> XOR -> NOR,5.5,8.5,3,1
311,"NAND(D, XOR(C, XOR(A, B)))","[1, 1, 1, 1]",NAND -> XOR -> XOR,6.5,9.5,3,0
312,"NAND(D, XOR(C, XNOR(A, B)))","[1, 1, 0, 1]",NAND -> XOR -> XNOR,6.5,9.5,3,1
313,"NAND(D, XNOR(C, AND(A, B)))","[0, 0, 1, 0]",NAND -> XNOR -> AND,6,9,3,0
314,"NAND(D, XNOR(C, OR(A, B)))","[0, 0, 1, 1]",NAND -> XNOR -> OR,6,9,3,1
315,"NAND(D, XNOR(C, NOT(A)))","[1, 1, 0, 1]",NAND -> XNOR -> NOT,5,7.5,3,1
316,"NAND(D, XNOR(C, BUFFER(A)))","[0, 1, 1, 1]",NAND -> XNOR -> BUFFER,4.2,6.5,3,1
317,"NAND(D, XNOR(C, NAND(A, B)))","[1, 1, 1, 1]",NAND -> XNOR -> NAND,5.5,8.5,3,1
318,"NAND(D, XNOR(C, NOR(A, B)))","[1, 0, 0, 0]",NAND -> XNOR -> NOR,5.5,8.5,3,1
319,"NAND(D, XNOR(C, XOR(A, B)))","[0, 1, 0, 1]",NAND -> XNOR -> XOR,6.5,9.5,3,1
320,"NAND(D, XNOR(C, XNOR(A, B)))","[1, 1, 0, 0]",NAND -> XNOR -> XNOR,6.5,9.5,3,1
321,"NOR(D, AND(C, AND(A, B)))","[1, 1, 1, 1]",NOR -> AND -> AND,5.5,8.5,3,0
322,"NOR(D, AND(C, OR(A, B)))","[0, 0, 0, 0]",NOR -> AND -> OR,5.5,8.5,3,1
323,"NOR(D, AND(C, NOT(A)))","[0, 0, 0, 1]",NOR -> AND -> NOT,4.5,7,3,1
324,"NOR(D, AND(C, BUFFER(A)))","[1, 0, 0, 1]",NOR -> AND -> BUFFER,3.7,6,3,1
325,"NOR(D, AND(C, NAND(A, B)))","[0, 0, 1, 1]",NOR -> AND -> NAND,5,8,3,0
326,"NOR(D, AND(C, NOR(A, B)))","[1, 1, 1, 0]",NOR -> AND -> NOR,5,8,3,0
327,"NOR(D, AND(C, XOR(A, B)))","[0, 1, 0, 0]",NOR -> AND -> XOR,6,9,3,1
328,"NOR(D, AND(C, XNOR(A, B)))","[1, 1, 1, 0]",NOR -> AND -> XNOR,6,9,3,0
329,"NOR(D, OR(C, AND(A, B)))","[0, 1, 1, 1]",NOR -> OR -> AND,5.5,8.5,3,0
330,"NOR(D, OR(C, OR(A, B)))","[0, 0, 1, 0]",NOR -> OR -> OR,5.5,8.5,3,0
331,"NOR(D, OR(C, NOT(A)))","[0, 1, 1, 1]",NOR -> OR -> NOT,4.5,7,3,0
332,"NOR(D, OR(C, BUFFER(A)))","[1, 0, 0, 0]",NOR -> OR -> BUFFER,3.7,6,3,0
333,"NOR(D, OR(C, NAND(A, B)))","[1, 0, 0, 1]",NOR -> OR -> NAND,5,8,3,1
334,"NOR(D, OR(C, NOR(A, B)))","[1, 1, 1, 0]",NOR -> OR -> NOR,5,8,3,0
335,"NOR(D, OR(C, XOR(A, B)))","[1, 1, 1, 0]",NOR -> OR -> XOR,6,9,3,0
336,"NOR(D, OR(C, XNOR(A, B)))","[0, 1, 0, 0]",NOR -> OR -> XNOR,6,9,3,0
337,"NOR(D, NOT(AND(A, B)))","[1, 0, 0, 0]",NOR -> NOT -> AND,4.5,7,3,0
338,"NOR(D, NOT(OR(A, B)))","[1, 1, 1, 1]",NOR -> NOT -> OR,4.5,7,3,0
339,"NOR(D, NOT(NOT(A)))","[0, 0, 1, 0]",NOR -> NOT -> NOT,3.5,5.5,3,0
340,"NOR(D, NOT(BUFFER(A)))","[1, 1, 0, 1]",NOR -> NOT -> BUFFER,2.7,4.5,3,1
341,"NOR(D, NOT(NAND(A, B)))","[1, 1, 0, 0]",NOR -> NOT -> NAND,4,6.5,3,1
342,"NOR(D, NOT(NOR(A, B)))","[0, 1, 1, 1]",NOR -> NOT -> NOR,4,6.5,3,0
343,"NOR(D, NOT(XOR(A, B)))","[0, 0, 0, 1]",NOR -> NOT -> XOR,5,7.5,3,0
344,"NOR(D, NOT(XNOR(A, B)))","[0, 0, 1, 0]",NOR -> NOT -> XNOR,5,7.5,3,0
345,"NOR(D, BUFFER(AND(A, B)))","[1, 1, 0, 1]",NOR -> BUFFER -> AND,3.7,6,3,0
346,"NOR(D, BUFFER(OR(A, B)))","[1, 0, 1, 0]",NOR -> BUFFER -> OR,3.7,6,3,0
347,"NOR(D, BUFFER(NOT(A)))","[0, 1, 0, 1]",NOR -> BUFFER -> NOT,2.7,4.5,3,0
348,"NOR(D, BUFFER(BUFFER(A)))","[0, 0, 0, 1]",NOR -> BUFFER -> BUFFER,1.9,3.5,3,1
349,"NOR(D, BUFFER(NAND(A, B)))","[0, 1, 1, 1]",NOR -> BUFFER -> NAND,3.2,5.5,3,0
350,"NOR(D, BUFFER(NOR(A, B)))","[0, 0, 0, 0]",NOR -> BUFFER -> NOR,3.2,5.5,3,1
351,"NOR(D, BUFFER(XOR(A, B)))","[0, 1, 1, 1]",NOR -> BUFFER -> XOR,4.2,6.5,3,0
352,"NOR(D, BUFFER(XNOR(A, B)))","[0, 0, 0, 1]",NOR -> BUFFER -> XNOR,4.2,6.5,3,1
353,"NOR(D, NAND(C, AND(A, B)))","[0, 1, 1, 1]",NOR -> NAND -> AND,5,8,3,0
354,"NOR(D, NAND(C, OR(A, B)))","[1, 1, 0, 0]",NOR -> NAND -> OR,5,8,3,1
355,"NOR(D, NAND(C, NOT(A)))","[1, 1, 0, 0]",NOR -> NAND -> NOT,4,6.5,3,0
356,"NOR(D, NAND(C, BUFFER(A)))","[0, 1, 0, 0]",NOR -> NAND -> BUFFER,3.2,5.5,3,0
357,"NOR(D, NAND(C, NAND(A, B)))","[1, 0, 1, 0]",NOR -> NAND -> NAND,4.5,7.5,3,0
358,"NOR(D, NAND(C, NOR(A, B)))","[1, 1, 1, 0]",NOR -> NAND -> NOR,4.5,7.5,3,0
359,"NOR(D, NAND(C, XOR(A, B)))","[0, 0, 1, 1]",NOR -> NAND -> XOR,5.5,8.5,3,0
360,"NOR(D, NAND(C, XNOR(A, B)))","[1, 0, 1, 0]",NOR -> NAND -> XNOR,5.5,8.5,3,0
361,"NOR(D, NOR(C, AND(A, B)))","[0, 1, 0, 1]",NOR -> NOR -> AND,5,8,3,1
362,"NOR(D, NOR(C, OR(A, B)))","[0, 0, 0, 0]",NOR -> NOR -> OR,5,8,3,0
363,"NOR(D, NOR(C, NOT(A)))","[0, 0, 1, 0]",NOR -> NOR -> NOT,4,6.5,3,0
364,"NOR(D, NOR(C, BUFFER(A)))","[1, 1, 0, 0]",NOR -> NOR -> BUFFER,3.2,5.5,3,1
365,"NOR(D, NOR(C, NAND(A, B)))","[0, 1, 1, 0]",NOR -> NOR -> NAND,4.5,7.5,3,0
366,"NOR(D, NOR(C, NOR(A, B)))","[0, 0, 1, 1]",NOR -> NOR -> NOR,4.5,7.5,3,0
367,"NOR(D, NOR(C, XOR(A, B)))","[0, 0, 1, 0]",NOR -> NOR -> XOR,5.5,8.5,3,0
368,"NOR(D, NOR(C, XNOR(A, B)))","[1, 1, 1, 0]",NOR -> NOR -> XNOR,5.5,8.5,3,0
369,"NOR(D, XOR(C, AND(A, B)))","[0, 1, 0, 1]",NOR -> XOR -> AND,6,9,3,0
370,"NOR(D, XOR(C, OR(A, B)))","[1, 0, 0, 0]",NOR -> XOR -> OR,6,9,3,0
371,"NOR(D, XOR(C, NOT(A)))","[0, 1, 1, 0]",NOR -> XOR -> NOT,5,7.5,3,0
372,"NOR(D, XOR(C, BUFFER(A)))","[0, 0, 1, 0]",NOR -> XOR -> BUFFER,4.2,6.5,3,0
373,"NOR(D, XOR(C, NAND(A, B)))","[1, 1, 1, 0]",NOR -> XOR -> NAND,5.5,8.5,3,0
374,"NOR(D, XOR(C, NOR(A, B)))","[1, 0, 1, 1]",NOR -> XOR -> NOR,5.5,8.5,3,0
375,"NOR(D, XOR(C, XOR(A, B)))","[1, 0, 1, 0]",NOR -> XOR -> XOR,6.5,9.5,3,0
376,"NOR(D, XOR(C, XNOR(A, B)))","[0, 1, 0, 1]",NOR -> XOR -> XNOR,6.5,9.5,3,0
377,"NOR(D, XNOR(C, AND(A, B)))","[1, 1, 1, 1]",NOR -> XNOR -> AND,6,9,3,0
378,"NOR(D, XNOR(C, OR(A, B)))","[1, 1, 1, 1]",NOR -> XNOR -> OR,6,9,3,0
379,"NOR(D, XNOR(C, NOT(A)))","[0, 1, 0, 1]",NOR -> XNOR -> NOT,5,7.5,3,0
380,"NOR(D, XNOR(C, BUFFER(A)))","[0, 1, 1, 1]",NOR -> XNOR -> BUFFER,4.2,6.5,3,0
381,"NOR(D, XNOR(C, NAND(A, B)))","[1, 1, 1, 0]",NOR -> XNOR -> NAND,5.5,8.5,3,0
382,"NOR(D, XNOR(C, NOR(A, B)))","[1, 0, 0, 1]",NOR -> XNOR -> NOR,5.5,8.5,3,0
383,"NOR(D, XNOR(C, XOR(A, B)))","[1, 1, 0, 0]",NOR -> XNOR -> XOR,6.5,9.5,3,0
384,"NOR(D, XNOR(C, XNOR(A, B)))","[1, 0, 0, 1]",NOR -> XNOR -> XNOR,6.5,9.5,3,1
385,"XOR(D, AND(C, AND(A, B)))","[1, 1, 0, 0]",XOR -> AND -> AND,6.5,9.5,3,0
386,"XOR(D, AND(C, OR(A, B)))","[1, 1, 1, 1]",XOR -> AND -> OR,6.5,9.5,3,0
387,"XOR(D, AND(C, NOT(A)))","[0, 1, 1, 1]",XOR -> AND -> NOT,5.5,8,3,0
388,"XOR(D, AND(C, BUFFER(A)))","[0, 1, 1, 0]",XOR -> AND -> BUFFER,4.7,7,3,1
389,"XOR(D, AND(C, NAND(A, B)))","[0, 1, 1, 0]",XOR -> AND -> NAND,6,9,3,0
390,"XOR(D, AND(C, NOR(A, B)))","[1, 1, 1, 1]",XOR -> AND -> NOR,6,9,3,1
391,"XOR(D, AND(C, XOR(A, B)))","[0, 1, 0, 0]",XOR -> AND -> XOR,7,10,3,0
392,"XOR(D, AND(C, XNOR(A, B)))","[1, 0, 1, 0]",XOR -> AND -> XNOR,7,10,3,1
393,"XOR(D, OR(C, AND(A, B)))","[1, 1, 0, 0]",XOR -> OR -> AND,6.5,9.5,3,1
394,"XOR(D, OR(C, OR(A, B)))","[1, 0, 1, 0]",XOR -> OR -> OR,6.5,9.5,3,0
395,"XOR(D, OR(C, NOT(A)))","[1, 1, 0, 1]",XOR -> OR -> NOT,5.5,8,3,1
396,"XOR(D, OR(C, BUFFER(A)))","[0, 1, 1, 1]",XOR -> OR -> BUFFER,4.7,7,3,0
397,"XOR(D, OR(C, NAND(A, B)))","[1, 1, 0, 1]",XOR -> OR -> NAND,6,9,3,1
398,"XOR(D, OR(C, NOR(A, B)))","[1, 1, 0, 1]",XOR -> OR -> NOR,6,9,3,1
399,"XOR(D, OR(C, XOR(A, B)))","[1, 0, 0, 1]",XOR -> OR -> XOR,7,10,3,0
400,"XOR(D, OR(C, XNOR(A, B)))","[1, 1, 0, 0]",XOR -> OR -> XNOR,7,10,3,1
401,"XOR(D, NOT(AND(A, B)))","[1, 1, 1, 0]",XOR -> NOT -> AND,5.5,8,3,1
402,"XOR(D, NOT(OR(A, B)))","[0, 1, 1, 1]",XOR -> NOT -> OR,5.5,8,3,1
403,"XOR(D, NOT(NOT(A)))","[1, 0, 1, 0]",XOR -> NOT -> NOT,4.5,6.5,3,0
404,"XOR(D, NOT(BUFFER(A)))","[1, 0, 1, 0]",XOR -> NOT -> BUFFER,3.7,5.5,3,0
405,"XOR(D, NOT(NAND(A, B)))","[1, 1, 1, 0]",XOR -> NOT -> NAND,5,7.5,3,1
406,"XOR(D, NOT(NOR(A, B)))","[1, 0, 1, 0]",XOR -> NOT -> NOR,5,7.5,3,0
407,"XOR(D, NOT(XOR(A, B)))","[1, 0, 0, 0]",XOR -> NOT -> XOR,6,8.5,3,1
408,"XOR(D, NOT(XNOR(A, B)))","[0, 1, 0, 1]",XOR -> NOT -> XNOR,6,8.5,3,0
409,"XOR(D, BUFFER(AND(A, B)))","[0, 0, 0, 0]",XOR -> BUFFER -> AND,4.7,7,3,0
410,"XOR(D, BUFFER(OR(A, B)))","[0, 1, 1, 1]",XOR -> BUFFER -> OR,4.7,7,3,0
411,"XOR(D, BUFFER(NOT(A)))","[0, 1, 0, 0]",XOR -> BUFFER -> NOT,3.7,5.5,3,1
412,"XOR(D, BUFFER(BUFFER(A)))","[0, 1, 0, 0]",XOR -> BUFFER -> BUFFER,2.9,4.5,3,1
413,"XOR(D, BUFFER(NAND(A, B)))","[1, 1, 1, 0]",XOR -> BUFFER -> NAND,4.2,6.5,3,0
414,"XOR(D, BUFFER(NOR(A, B)))","[1, 0, 0, 1]",XOR -> BUFFER -> NOR,4.2,6.5,3,0
415,"XOR(D, BUFFER(XOR(A, B)))","[1, 0, 0, 1]",XOR -> BUFFER -> XOR,5.2,7.5,3,0
416,"XOR(D, BUFFER(XNOR(A, B)))","[1, 0, 0, 1]",XOR -> BUFFER -> XNOR,5.2,7.5,3,0
417,"XOR(D, NAND(C, AND(A, B)))","[0, 0, 0, 1]",XOR -> NAND -> AND,6,9,3,1
418,"XOR(D, NAND(C, OR(A, B)))","[0, 0, 0, 1]",XOR -> NAND -> OR,6,9,3,1
419,"XOR(D, NAND(C, NOT(A)))","[0, 0, 0, 0]",XOR -> NAND -> NOT,5,7.5,3,1
420,"XOR(D, NAND(C, BUFFER(A)))","[0, 1, 1, 1]",XOR -> NAND -> BUFFER,4.2,6.5,3,0
421,"XOR(D, NAND(C, NAND(A, B)))","[1, 0, 1, 0]",XOR -> NAND -> NAND,5.5,8.5,3,0
422,"XOR(D, NAND(C, NOR(A, B)))","[0, 1, 1, 0]",XOR -> NAND -> NOR,5.5,8.5,3,1
423,"XOR(D, NAND(C, XOR(A, B)))","[0, 1, 0, 0]",XOR -> NAND -> XOR,6.5,9.5,3,1
424,"XOR(D, NAND(C, XNOR(A, B)))","[1, 1, 0, 0]",XOR -> NAND -> XNOR,6.5,9.5,3,1
425,"XOR(D, NOR(C, AND(A, B)))","[0, 0, 1, 0]",XOR -> NOR -> AND,6,9,3,0
426,"XOR(D, NOR(C, OR(A, B)))","[1, 1, 0, 0]",XOR -> NOR -> OR,6,9,3,0
427,"XOR(D, NOR(C, NOT(A)))","[1, 0, 1, 0]",XOR -> NOR -> NOT,5,7.5,3,0
428,"XOR(D, NOR(C, BUFFER(A)))","[1, 0, 1, 1]",XOR -> NOR -> BUFFER,4.2,6.5,3,1
429,"XOR(D, NOR(C, NAND(A, B)))","[1, 1, 0, 0]",XOR -> NOR -> NAND,5.5,8.5,3,0
430,"XOR(D, NOR(C, NOR(A, B)))","[1, 1, 1, 0]",XOR -> NOR -> NOR,5.5,8.5,3,1
431,"XOR(D, NOR(C, XOR(A, B)))","[0, 0, 1, 0]",XOR -> NOR -> XOR,6.5,9.5,3,0
432,"XOR(D, NOR(C, XNOR(A, B)))","[1, 0, 1, 1]",XOR -> NOR -> XNOR,6.5,9.5,3,1
433,"XOR(D, XOR(C, AND(A, B)))","[0, 0, 1, 0]",XOR -> XOR -> AND,7,10,3,1
434,"XOR(D, XOR(C, OR(A, B)))","[1, 0, 0, 1]",XOR -> XOR -> OR,7,10,3,1
435,"XOR(D, XOR(C, NOT(A)))","[0, 0, 1, 0]",XOR -> XOR -> NOT,6,8.5,3,0
436,"XOR(D, XOR(C, BUFFER(A)))","[1, 1, 0, 0]",XOR -> XOR -> BUFFER,5.2,7.5,3,0
437,"XOR(D, XOR(C, NAND(A, B)))","[1, 0, 1, 0]",XOR -> XOR -> NAND,6.5,9.5,3,0
438,"XOR(D, XOR(C, NOR(A, B)))","[1, 1, 0, 0]",XOR -> XOR -> NOR,6.5,9.5,3,1
439,"XOR(D, XOR(C, XOR(A, B)))","[1, 0, 0, 1]",XOR -> XOR -> XOR,7.5,10.5,3,0
440,"XOR(D, XOR(C, XNOR(A, B)))","[0, 1, 0, 1]",XOR -> XOR -> XNOR,7.5,10.5,3,1
441,"XOR(D, XNOR(C, AND(A, B)))","[1, 0, 0, 0]",XOR -> XNOR -> AND,7,10,3,1
442,"XOR(D, XNOR(C, OR(A, B)))","[1, 0, 0, 1]",XOR -> XNOR -> OR,7,10,3,0
443,"XOR(D, XNOR(C, NOT(A)))","[1, 0, 1, 1]",XOR -> XNOR -> NOT,6,8.5,3,0
444,"XOR(D, XNOR(C, BUFFER(A)))","[1, 1, 1, 0]",XOR -> XNOR -> BUFFER,5.2,7.5,3,0
445,"XOR(D, XNOR(C, NAND(A, B)))","[0, 0, 1, 1]",XOR -> XNOR -> NAND,6.5,9.5,3,1
446,"XOR(D, XNOR(C, NOR(A, B)))","[0, 1, 0, 0]",XOR -> XNOR -> NOR,6.5,9.5,3,1
447,"XOR(D, XNOR(C, XOR(A, B)))","[0, 1, 1, 1]",XOR -> XNOR -> XOR,7.5,10.5,3,0
448,"XOR(D, XNOR(C, XNOR(A, B)))","[1, 1, 1, 1]",XOR -> XNOR -> XNOR,7.5,10.5,3,0
449,"XNOR(D, AND(C, AND(A, B)))","[1, 0, 0, 0]",XNOR -> AND -> AND,6.5,9.5,3,1
450,"XNOR(D, AND(C, OR(A, B)))","[1, 0, 0, 0]",XNOR -> AND -> OR,6.5,9.5,3,1
451,"XNOR(D, AND(C, NOT(A)))","[1, 0, 1, 1]",XNOR -> AND -> NOT,5.5,8,3,0
452,"XNOR(D, AND(C, BUFFER(A)))","[1, 0, 1, 0]",XNOR -> AND -> BUFFER,4.7,7,3,0
453,"XNOR(D, AND(C, NAND(A, B)))","[1, 0, 0, 1]",XNOR -> AND -> NAND,6,9,3,1
454,"XNOR(D, AND(C, NOR(A, B)))","[1, 1, 1, 0]",XNOR -> AND -> NOR,6,9,3,0
455,"XNOR(D, AND(C, XOR(A, B)))","[0, 0, 0, 1]",XNOR -> AND -> XOR,7,10,3,1
456,"XNOR(D, AND(C, XNOR(A, B)))","[1, 0, 0, 1]",XNOR -> AND -> XNOR,7,10,3,1
457,"XNOR(D, OR(C, AND(A, B)))","[0, 1, 1, 0]",XNOR -> OR -> AND,6.5,9.5,3,1
458,"XNOR(D, OR(C, OR(A, B)))","[0, 0, 1, 1]",XNOR -> OR -> OR,6.5,9.5,3,1
459,"XNOR(D, OR(C, NOT(A)))","[1, 1, 0, 1]",XNOR -> OR -> NOT,5.5,8,3,0
460,"XNOR(D, OR(C, BUFFER(A)))","[1, 0, 1, 1]",XNOR -> OR -> BUFFER,4.7,7,3,1
461,"XNOR(D, OR(C, NAND(A, B)))","[1, 1, 0, 0]",XNOR -> OR -> NAND,6,9,3,0
462,"XNOR(D, OR(C, NOR(A, B)))","[1, 1, 1, 1]",XNOR -> OR -> NOR,6,9,3,1
463,"XNOR(D, OR(C, XOR(A, B)))","[0, 0, 1, 0]",XNOR -> OR -> XOR,7,10,3,0
464,"XNOR(D, OR(C, XNOR(A, B)))","[0, 0, 0, 0]",XNOR -> OR -> XNOR,7,10,3,0
465,"XNOR(D, NOT(AND(A, B)))","[0, 0, 0, 1]",XNOR -> NOT -> AND,5.5,8,3,0
466,"XNOR(D, NOT(OR(A, B)))","[0, 1, 0, 1]",XNOR -> NOT -> OR,5.5,8,3,1
467,"XNOR(D, NOT(NOT(A)))","[0, 0, 1, 1]",XNOR -> NOT -> NOT,4.5,6.5,3,1
468,"XNOR(D, NOT(BUFFER(A)))","[0, 0, 1, 0]",XNOR -> NOT -> BUFFER,3.7,5.5,3,1
469,"XNOR(D, NOT(NAND(A, B)))","[1, 0, 0, 1]",XNOR -> NOT -> NAND,5,7.5,3,0
470,"XNOR(D, NOT(NOR(A, B)))","[1, 1, 0, 0]",XNOR -> NOT -> NOR,5,7.5,3,1
471,"XNOR(D, NOT(XOR(A, B)))","[0, 1, 0, 1]",XNOR -> NOT -> XOR,6,8.5,3,1
472,"XNOR(D, NOT(XNOR(A, B)))","[0, 0, 1, 0]",XNOR -> NOT -> XNOR,6,8.5,3,1
473,"XNOR(D, BUFFER(AND(A, B)))","[0, 0, 0, 1]",XNOR -> BUFFER -> AND,4.7,7,3,1
474,"XNOR(D, BUFFER(OR(A, B)))","[1, 0, 0, 1]",XNOR -> BUFFER -> OR,4.7,7,3,1
475,"XNOR(D, BUFFER(NOT(A)))","[0, 1, 0, 0]",XNOR -> BUFFER -> NOT,3.7,5.5,3,0
476,"XNOR(D, BUFFER(BUFFER(A)))","[0, 1, 0, 1]",XNOR -> BUFFER -> BUFFER,2.9,4.5,3,0
477,"XNOR(D, BUFFER(NAND(A, B)))","[0, 1, 0, 0]",XNOR -> BUFFER -> NAND,4.2,6.5,3,0
478,"XNOR(D, BUFFER(NOR(A, B)))","[1, 0, 1, 1]",XNOR -> BUFFER -> NOR,4.2,6.5,3,0
479,"XNOR(D, BUFFER(XOR(A, B)))","[1, 1, 1, 1]",XNOR -> BUFFER -> XOR,5.2,7.5,3,1
480,"XNOR(D, BUFFER(XNOR(A, B)))","[1, 1, 0, 0]",XNOR -> BUFFER -> XNOR,5.2,7.5,3,0
481,"XNOR(D, NAND(C, AND(A, B)))","[1, 0, 0, 0]",XNOR -> NAND -> AND,6,9,3,0
482,"XNOR(D, NAND(C, OR(A, B)))","[1, 1, 0, 1]",XNOR -> NAND -> OR,6,9,3,1
483,"XNOR(D, NAND(C, NOT(A)))","[1, 0, 1, 0]",XNOR -> NAND -> NOT,5,7.5,3,1
484,"XNOR(D, NAND(C, BUFFER(A)))","[1, 0, 0, 0]",XNOR -> NAND -> BUFFER,4.2,6.5,3,0
485,"XNOR(D, NAND(C, NAND(A, B)))","[0, 0, 1, 0]",XNOR -> NAND -> NAND,5.5,8.5,3,1
486,"XNOR(D, NAND(C, NOR(A, B)))","[0, 1, 0, 1]",XNOR -> NAND -> NOR,5.5,8.5,3,0
487,"XNOR(D, NAND(C, XOR(A, B)))","[1, 0, 0, 0]",XNOR -> NAND -> XOR,6.5,9.5,3,0
488,"XNOR(D, NAND(C, XNOR(A, B)))","[1, 1, 1, 0]",XNOR -> NAND -> XNOR,6.5,9.5,3,1
489,"XNOR(D, NOR(C, AND(A, B)))","[1, 1, 1, 0]",XNOR -> NOR -> AND,6,9,3,0
490,"XNOR(D, NOR(C, OR(A, B)))","[1, 1, 1, 0]",XNOR -> NOR -> OR,6,9,3,0
491,"XNOR(D, NOR(C, NOT(A)))","[0, 0, 1, 0]",XNOR -> NOR -> NOT,5,7.5,3,0
492,"XNOR(D, NOR(C, BUFFER(A)))","[0, 1, 1, 0]",XNOR -> NOR -> BUFFER,4.2,6.5,3,0
493,"XNOR(D, NOR(C, NAND(A, B)))","[1, 0, 0, 1]",XNOR -> NOR -> NAND,5.5,8.5,3,0
494,"XNOR(D, NOR(C, NOR(A, B)))","[1, 1, 1, 0]",XNOR -> NOR -> NOR,5.5,8.5,3,0
495,"XNOR(D, NOR(C, XOR(A, B)))","[1, 1, 1, 1]",XNOR -> NOR -> XOR,6.5,9.5,3,0
496,"XNOR(D, NOR(C, XNOR(A, B)))","[1, 0, 1, 0]",XNOR -> NOR -> XNOR,6.5,9.5,3,1
497,"XNOR(D, XOR(C, AND(A, B)))","[0, 0, 1, 1]",XNOR -> XOR -> AND,7,10,3,0
498,"XNOR(D, XOR(C, OR(A, B)))","[1, 1, 1, 0]",XNOR -> XOR -> OR,7,10,3,0
499,"XNOR(D, XOR(C, NOT(A)))","[1, 1, 0, 0]",XNOR -> XOR -> NOT,6,8.5,3,0
500,"XNOR(D, XOR(C, BUFFER(A)))","[1, 1, 1, 0]",XNOR -> XOR -> BUFFER,5.2,7.5,3,0
501,"XNOR(D, XOR(C, NAND(A, B)))","[0, 1, 1, 1]",XNOR -> XOR -> NAND,6.5,9.5,3,0
502,"XNOR(D, XOR(C, NOR(A, B)))","[1, 1, 1, 1]",XNOR -> XOR -> NOR,6.5,9.5,3,1
503,"XNOR(D, XOR(C, XOR(A, B)))","[1, 0, 1, 0]",XNOR -> XOR -> XOR,7.5,10.5,3,1
504,"XNOR(D, XOR(C, XNOR(A, B)))","[0, 1, 1, 0]",XNOR -> XOR -> XNOR,7.5,10.5,3,0
505,"XNOR(D, XNOR(C, AND(A, B)))","[1, 0, 0, 0]",XNOR -> XNOR -> AND,7,10,3,0
506,"XNOR(D, XNOR(C, OR(A, B)))","[1, 1, 1, 0]",XNOR -> XNOR -> OR,7,10,3,1
507,"XNOR(D, XNOR(C, NOT(A)))","[1, 1, 0, 1]",XNOR -> XNOR -> NOT,6,8.5,3,1
508,"XNOR(D, XNOR(C, BUFFER(A)))","[1, 1, 1, 0]",XNOR -> XNOR -> BUFFER,5.2,7.5,3,1
509,"XNOR(D, XNOR(C, NAND(A, B)))","[0, 1, 0, 1]",XNOR -> XNOR -> NAND,6.5,9.5,3,0
510,"XNOR(D, XNOR(C, NOR(A, B)))","[0, 0, 0, 0]",XNOR -> XNOR -> NOR,6.5,9.5,3,1
511,"XNOR(D, XNOR(C, XOR(A, B)))","[1, 0, 1, 0]",XNOR -> XNOR -> XOR,7.5,10.5,3,0
512,"XNOR(D, XNOR(C, XNOR(A, B)))","[0, 1, 0, 1]",XNOR -> XNOR -> XNOR,7.5,10.5,3,1
